username,uid,provider,email
Clair Konopelski,49390390,github,art.auer@gerlach.net
Kathryne Botsford,94227734,github,melvin@hilll.net
Cyril Schroeder,91558469,github,gidget@strosin.com
Bobbi Cole,17019623,github,santa@christiansen.net
Tarah Upton,32003388,github,neely@lang.co
Stephen Treutel,42228028,github,berta.medhurst@hane.io
Gilbert Littel JD,39750211,github,carlo@bartell.info
Ione Kris,37958733,github,tod@zulauf.com
Royce Shanahan Esq.,47237369,github,norma_dickens@lueilwitz-simonis.com
Percy Paucek,59378879,github,jacalyn@oberbrunner-herzog.info
